-- insert dummy

INSERT INTO Customers (CustomerID, CustomerName, Email, Gender, Location) VALUES
(1, 'Allison Hill', 'brandi26@williams.com', 'Male', 'New John'),
(2, 'Noah Rhodes', 'evelynestrada@yahoo.com', 'Male', 'Lake Colton'),
(3, 'Angie Henderson', 'sarayoung@gmail.com', 'Female', 'West Kristinaton'),
(4, 'Daniel Wagner', 'vjohnson@patton-jenkins.com', 'Male', 'Jessicaland'),
(5, 'Cristian Santos', 'kristinrodriguez@gmail.com', 'Male', 'Markchester'),
(6, 'Connie Lawrence', 'jamessellers@yahoo.com', 'Male', 'East David'),
(7, 'Abigail Shaffer', 'jeffreykeller@yahoo.com', 'Male', 'Alyssaview'),
(8, 'Gina Moore', 'michelle45@hotmail.com', 'Male', 'West Robin'),
(9, 'Gabrielle Davis', 'sheila14@gmail.com', 'Female', 'Coffeyport'),
(10, 'Ryan Munoz', 'rodriguezryan@hotmail.com', 'Male', 'Lindamouth'),
(11, 'Monica Herrera', 'gobrien@gmail.com', 'Male', 'East Karenbury'),
(12, 'Jamie Arnold', 'jonathanfletcher@gmail.com', 'Male', 'Coffeyside'),
(13, 'Lisa Hensley', 'ryan59@alvarado-martinez.com', 'Male', 'Christopherfurt'),
(14, 'Michele Williams', 'snguyen@yahoo.com', 'Male', 'West Amandamouth'),
(15, 'Dylan Miller', 'robertbentley@adkins.biz', 'Male', 'Emilyview'),
(16, 'Brian Ramirez', 'justin69@pena.com', 'Male', 'Carsonstad'),
(17, 'Holly Wood', 'donnacampbell@hotmail.com', 'Female', 'Lake Jesustown'),
(18, 'Derek Zuniga', 'cardenaskaren@hotmail.com', 'Male', 'Rosebury'),
(19, 'Lisa Jackson', 'lindsayhernandez@gmail.com', 'Female', 'Lake Madisonport'),
(20, 'Carla Gray', 'xcarr@gibson.org', 'Female', 'Wilsonton'),
(21, 'Margaret Hawkins DDS', 'psnyder@douglas.com', 'Male', 'West Wendyville'),
(22, 'Patty Perez', 'gregoryrubio@hotmail.com', 'Male', 'East Paigeberg'),
(23, 'Ethan Adams', 'grantsamantha@gmail.com', 'Female', 'Chavezside'),
(24, 'Tommy Walter', 'lauriecontreras@hotmail.com', 'Female', 'Matthewsberg'),
(25, 'Matthew Foster', 'usalazar@hotmail.com', 'Female', 'Penafort'),
(26, 'Judy Baker', 'vmerritt@yahoo.com', 'Male', 'Crosbyview'),
(27, 'Justin Baker', 'karen48@yahoo.com', 'Male', 'Lake Mitchellmouth'),
(28, 'Stephanie Ross', 'scott43@rogers-orozco.com', 'Female', 'Sampsonstad'),
(29, 'Zachary Hicks', 'jessebenson@lewis.info', 'Male', 'Lake Michaelstad'),
(30, 'Anthony Rodriguez', 'clarkrobert@hotmail.com', 'Male', 'South Joshuaville'),
(31, 'Rebecca Henderson', 'wwoods@molina-castaneda.biz', 'Female', 'Davisborough'),
(32, 'James Ferrell', 'brobinson@johnson-rogers.biz', 'Male', 'North Kristinbury'),
(33, 'Tricia Valencia', 'ncalhoun@johnson.com', 'Female', 'Port Anne'),
(34, 'Nathan Maldonado', 'dtaylor@williams.com', 'Female', 'Port Kathyborough'),
(35, 'Debra Davidson', 'wmurphy@ramirez-bean.biz', 'Female', 'Port Molly'),
(36, 'Jeffrey Chavez', 'ruizkaitlyn@gmail.com', 'Male', 'Kimtown'),
(37, 'Sherri Baker', 'debraharrington@hotmail.com', 'Female', 'Micheleberg'),
(38, 'Cassandra Gaines', 'herringjames@howell.com', 'Male', 'New John'),
(39, 'Elizabeth Fowler', 'elliottjeffery@hotmail.com', 'Female', 'North Donna'),
(40, 'Brittany Farmer', 'gary91@gmail.com', 'Male', 'East Alexisbury'),
(41, 'Paula Moreno', 'lanesarah@hotmail.com', 'Female', 'Alfredview'),
(42, 'Fred Smith', 'mdavid@gmail.com', 'Female', 'East Judyhaven'),
(43, 'Sherry Decker', 'terrykevin@burke.com', 'Male', 'Lake Brycemouth'),
(44, 'Anthony Humphrey', 'estanley@hotmail.com', 'Male', 'Williamville'),
(45, 'Angelica Tucker', 'atkinsonlynn@gmail.com', 'Male', 'Gordonton'),
(46, 'Philip Cannon', 'cynthia72@yahoo.com', 'Male', 'Stephentown'),
(47, 'John Pierce', 'christina87@graham-simon.com', 'Female', 'South Melaniechester'),
(48, 'Shane Henderson', 'mariahmiller@yahoo.com', 'Male', 'South Jennifermouth'),
(49, 'Joshua Blair', 'qhudson@rogers-snyder.com', 'Male', 'North Marcberg'),
(50, 'Eric Carney', 'zlewis@peterson-beard.com', 'Male', 'East Joshuashire'),
(51, 'Jessica Holmes', 'christophercortez@peters-allen.info', 'Female', 'Oscarhaven'),
(52, 'Danny Morgan', 'fmcguire@yahoo.com', 'Female', 'Shawnchester'),
(53, 'Crystal Robinson', 'tholt@perkins.biz', 'Female', 'Port Jacquelineside'),
(54, 'Mark Perez', 'jacqueline44@yahoo.com', 'Female', 'South Shannon'),
(55, 'Shannon Jones', 'griffithleslie@herrera.com', 'Male', 'South Matthew'),
(56, 'Michael Lewis', 'jenny89@yahoo.com', 'Female', 'Rossville'),
(57, 'Timothy Duncan', 'kennethward@smith-ferguson.com', 'Female', 'Ronaldview'),
(58, 'Richard Aguirre', 'tranheidi@little.com', 'Male', 'Stephaniefort'),
(59, 'Brent Jordan', 'taylor75@sheppard.info', 'Female', 'North Marieland'),
(60, 'John Daniel', 'moralescharles@parks.com', 'Male', 'Davisstad'),
(61, 'Victoria Garcia', 'davidduran@carlson.biz', 'Male', 'New Brian'),
(62, 'Gerald Hensley', 'levans@yahoo.com', 'Male', 'Elizabethchester'),
(63, 'Connor West', 'lynchjody@gmail.com', 'Male', 'Morganchester'),
(64, 'Donald Wright', 'donna23@arnold.com', 'Female', 'West Carolinestad'),
(65, 'Jessica Callahan', 'enorris@yahoo.com', 'Female', 'New Williamberg'),
(66, 'Amber Kidd', 'keithcampbell@jones-hall.com', 'Female', 'Walkerville'),
(67, 'Tracy House', 'owilson@hernandez.com', 'Male', 'Meganstad'),
(68, 'Carol Tucker', 'brooke94@martinez-barker.biz', 'Female', 'Port Joshuabury'),
(69, 'James Brown', 'mkim@gmail.com', 'Male', 'Bruceside'),
(70, 'William Baker', 'cassandra01@gmail.com', 'Male', 'New Sarahview'),
(71, 'Jordan Henderson', 'barbara27@pearson.org', 'Male', 'East Joshuaport'),
(72, 'Whitney Peters', 'ecosta@yahoo.com', 'Female', 'Michaelburgh'),
(73, 'Brittney Phillips', 'manuel12@yahoo.com', 'Female', 'New Diane'),
(74, 'Lauren Daniels', 'zroberts@hotmail.com', 'Female', 'East Joycetown'),
(75, 'Amy Silva', 'qmiller@wilson-barton.net', 'Male', 'Lake Alyssafurt'),
(76, 'Sarah Moore', 'mgutierrez@cox.com', 'Male', 'Chavezburgh'),
(77, 'Angela Lopez', 'andrea47@washington.com', 'Female', 'Larrymouth'),
(78, 'Megan Young', 'andrea86@walker.info', 'Male', 'North Ericton'),
(79, 'Steve Sanchez', 'tyronemoran@thornton.info', 'Female', 'West Scottchester'),
(80, 'Lisa Barnes', 'yarnold@weeks.com', 'Female', 'Lawsonchester'),
(81, 'Kelly Donovan', 'kendra65@adams.org', 'Female', 'Jasonhaven'),
(82, 'Mike Allen', 'seanwashington@yahoo.com', 'Male', 'West Russellport'),
(83, 'Michael Evans', 'mcantu@hotmail.com', 'Female', 'Roseport'),
(84, 'Paul Jones', 'xhall@williams-garner.biz', 'Male', 'East Randallton'),
(85, 'Zachary Ferrell', 'tylerjohnson@hotmail.com', 'Male', 'East Kevinborough'),
(86, 'Daniel Baker', 'sawyerscott@hotmail.com', 'Female', 'Port Jonathan'),
(87, 'Shirley Suarez', 'bowenrobert@hotmail.com', 'Female', 'Davidfort'),
(88, 'Christopher Bass', 'harrisontanya@hanson-sanders.com', 'Female', 'Thompsonfurt'),
(89, 'Lisa Archer', 'ofinley@hotmail.com', 'Female', 'New Angelica'),
(90, 'Aimee Montoya', 'williamsonjimmy@hotmail.com', 'Male', 'Charleston'),
(91, 'Matthew Mcmillan', 'juliehamilton@gmail.com', 'Male', 'Smithland'),
(92, 'Brian Rodriguez', 'tjackson@williams.com', 'Female', 'Barbarashire'),
(93, 'Denise Jacobs', 'ryan38@yahoo.com', 'Male', 'Mckinneychester'),
(94, 'Christina Walters', 'gregorylynch@harvey-allen.org', 'Male', 'Dariustown'),
(95, 'John Whitehead', 'stevenking@estrada-nolan.info', 'Male', 'Georgemouth'),
(96, 'Anna Henderson', 'charleslandry@hotmail.com', 'Male', 'Christopherville'),
(97, 'Aaron Wise', 'dvaughn@yahoo.com', 'Male', 'South Brianna'),
(98, 'Deborah Figueroa', 'gcastaneda@james.org', 'Female', 'South Monicamouth'),
(99, 'Jessica Smith', 'andrew64@gmail.com', 'Male', 'West Kimberly'),
(100, 'Stephen Mckee', 'swall@lawson.com', 'Female', 'New Cynthiahaven');

INSERT INTO Products (ProductID, ProductName, Category, Price) VALUES
(1, 'Mrs', 'Books', 258.76),
(2, 'Daughter', 'Sports', 62.14),
(3, 'Western', 'Books', 316.40),
(4, 'Stand', 'Sports', 422.42),
(5, 'Happy', 'Home', 258.75),
(6, 'Have', 'Sports', 107.47),
(7, 'Short', 'Electronics', 193.22),
(8, 'Tell', 'Electronics', 89.16),
(9, 'Quite', 'Sports', 477.21),
(10, 'Teacher', 'Home', 461.99),
(11, 'Choose', 'Home', 460.06),
(12, 'Eat', 'Electronics', 303.48),
(13, 'Board', 'Home', 249.42),
(14, 'Child', 'Books', 64.82),
(15, 'Establish', 'Clothing', 187.86),
(16, 'Decade', 'Books', 492.81),
(17, 'Consumer', 'Electronics', 405.32),
(18, 'Play', 'Home', 127.33),
(19, 'Claim', 'Sports', 128.03),
(20, 'Soon', 'Clothing', 288.00);

INSERT INTO Orders (OrderID, CustomerID, OrderDate, TotalAmount) VALUES
(1, 11, '2024-06-17', 256.06),
(2, 11, '2024-05-08', 2464.05),
(3, 94, '2023-09-26', 751.44),
(4, 63, '2023-11-04', 1804.68),
(5, 9, '2024-06-23', 1445.58),
(6, 98, '2024-04-27', 1227.30),
(7, 69, '2024-03-06', 2098.62),
(8, 99, '2024-02-24', 2473.55),
(9, 17, '2024-06-15', 267.48),
(10, 17, '2024-04-02', 0.00),
(11, 85, '2024-06-18', 1344.62),
(12, 61, '2024-04-09', 1293.80),
(13, 71, '2024-02-18', 751.44),
(14, 22, '2024-05-18', 2106.31),
(15, 34, '2024-08-20', 0.00),
(16, 68, '2024-08-04', 1512.88),
(17, 78, '2024-04-03', 1476.10),
(18, 55, '2024-05-03', 2287.64),
(19, 28, '2024-04-30', 2773.92),
(20, 70, '2024-04-26', 2347.19),
(21, 97, '2023-12-31', 1848.70),
(22, 94, '2024-07-28', 1274.76),
(23, 89, '2024-04-27', 303.48),
(24, 26, '2023-12-28', 748.26),
(25, 92, '2023-10-25', 0.00),
(26, 40, '2024-02-14', 2434.23),
(27, 52, '2023-09-23', 855.52),
(28, 86, '2024-02-26', 1943.76),
(29, 84, '2024-02-15', 0.00),
(30, 48, '2024-04-29', 2920.29),
(31, 57, '2023-12-23', 4680.87),
(32, 67, '2024-07-02', 0.00),
(33, 58, '2023-12-12', 3782.61),
(34, 16, '2024-04-13', 0.00),
(35, 32, '2023-09-18', 636.65),
(36, 29, '2024-01-11', 636.65),
(37, 9, '2024-03-12', 124.28),
(38, 44, '2023-09-25', 0.00),
(39, 3, '2023-12-26', 3213.11),
(40, 76, '2024-02-23', 900.53),
(41, 71, '2024-02-19', 1381.50),
(42, 30, '2023-09-11', 381.99),
(43, 76, '2023-09-19', 1811.27),
(44, 29, '2024-01-18', 0.00),
(45, 1, '2024-07-15', 124.28),
(46, 10, '2023-12-17', 2559.35),
(47, 91, '2023-09-26', 1613.99),
(48, 81, '2024-05-04', 482.46),
(49, 8, '2024-07-28', 381.99),
(50, 30, '2024-07-25', 1089.73),
(51, 9, '2023-10-02', 1495.10),
(52, 5, '2024-04-22', 579.66),
(53, 43, '2024-04-14', 2386.05),
(54, 10, '2024-03-11', 1431.63),
(55, 66, '2024-01-24', 5309.15),
(56, 31, '2024-02-23', 1487.02),
(57, 36, '2024-04-09', 3575.88),
(58, 86, '2024-03-30', 7150.40),
(59, 63, '2024-06-30', 939.30),
(60, 28, '2024-06-09', 3353.19),
(61, 70, '2024-08-09', 2112.10),
(62, 17, '2023-09-12', 6115.60),
(63, 93, '2024-02-18', 5809.00),
(64, 74, '2024-08-15', 1622.82),
(65, 74, '2024-07-07', 2785.14),
(66, 61, '2024-04-06', 256.06),
(67, 32, '2024-05-07', 1737.18),
(68, 61, '2023-11-09', 1369.18),
(69, 53, '2023-12-30', 2794.66),
(70, 25, '2024-04-18', 4018.52),
(71, 13, '2024-02-28', 4614.86),
(72, 13, '2024-03-09', 2298.53),
(73, 85, '2023-10-25', 4225.95),
(74, 56, '2023-09-21', 1598.58),
(75, 46, '2024-02-18', 1617.72),
(76, 55, '2023-10-07', 1523.32),
(77, 53, '2024-07-07', 2550.90),
(78, 60, '2024-08-11', 1210.63),
(79, 94, '2024-07-18', 1472.09),
(80, 7, '2024-01-08', 837.42),
(81, 87, '2024-05-31', 384.09),
(82, 84, '2023-09-29', 997.68),
(83, 83, '2024-03-10', 62.14),
(84, 13, '2024-05-04', 1828.27),
(85, 8, '2023-11-03', 2479.52),
(86, 52, '2023-09-12', 461.99),
(87, 94, '2023-12-02', 2925.07),
(88, 44, '2024-05-28', 4778.92),
(89, 14, '2024-02-14', 3027.63),
(90, 32, '2024-02-14', 1215.96),
(91, 25, '2024-03-18', 1550.48),
(92, 25, '2024-03-18', 0.00),
(93, 69, '2024-04-20', 1764.44),
(94, 58, '2023-10-28', 0.00),
(95, 18, '2024-01-16', 2562.86),
(96, 55, '2024-01-19', 0.00),
(97, 24, '2024-08-18', 178.32),
(98, 36, '2023-12-15', 6311.53),
(99, 60, '2024-01-25', 949.20),
(100, 32, '2024-02-02', 846.30),
(101, 10, '2024-06-23', 1621.28),
(102, 57, '2024-01-06', 324.10),
(103, 71, '2024-05-17', 1689.68),
(104, 13, '2024-04-16', 1388.41),
(105, 7, '2023-09-17', 948.68),
(106, 84, '2024-06-29', 0.00),
(107, 70, '2024-04-29', 2677.02),
(108, 2, '2024-05-05', 2978.52),
(109, 12, '2024-01-04', 2599.89),
(110, 97, '2023-09-22', 3796.77),
(111, 31, '2024-01-03', 254.66),
(112, 22, '2023-10-03', 998.55),
(113, 53, '2024-03-31', 669.99),
(114, 63, '2024-05-17', 303.48),
(115, 62, '2024-01-25', 422.42),
(116, 28, '2023-12-16', 2092.52),
(117, 52, '2023-12-03', 2115.30),
(118, 8, '2024-06-04', 1478.43),
(119, 22, '2024-07-23', 2397.53),
(120, 49, '2024-05-08', 2807.72),
(121, 1, '2024-08-13', 1350.93),
(122, 50, '2024-04-18', 2220.58),
(123, 34, '2024-08-01', 2039.68),
(124, 59, '2023-10-25', 1575.95),
(125, 37, '2024-01-04', 1942.90),
(126, 55, '2023-09-28', 4281.92),
(127, 90, '2024-04-10', 576.00),
(128, 94, '2024-05-11', 0.00),
(129, 72, '2023-10-21', 0.00),
(130, 85, '2024-08-18', 985.62),
(131, 92, '2024-01-10', 0.00),
(132, 63, '2023-12-26', 0.00),
(133, 20, '2024-05-08', 1385.97),
(134, 25, '2024-05-25', 1183.26),
(135, 38, '2024-05-11', 537.35),
(136, 28, '2024-01-27', 1440.00),
(137, 8, '2023-10-17', 1659.42),
(138, 75, '2024-04-15', 1621.30),
(139, 95, '2024-05-29', 4221.12),
(140, 70, '2024-08-26', 1432.24),
(141, 8, '2023-09-29', 576.00),
(142, 96, '2023-12-26', 2676.19),
(143, 41, '2024-04-01', 848.08),
(144, 8, '2024-01-21', 0.00),
(145, 7, '2024-05-03', 3890.09),
(146, 75, '2024-06-30', 1169.72),
(147, 62, '2024-01-02', 267.48),
(148, 65, '2024-07-08', 761.14),
(149, 68, '2023-10-16', 4209.14),
(150, 21, '2024-05-14', 1478.43),
(151, 8, '2024-05-26', 2961.14),
(152, 66, '2024-07-14', 1363.30),
(153, 11, '2024-06-09', 3830.60),
(154, 24, '2024-05-20', 422.42),
(155, 9, '2024-08-16', 259.28),
(156, 77, '2024-03-19', 1920.04),
(157, 9, '2023-10-03', 638.75),
(158, 87, '2024-05-04', 324.10),
(159, 31, '2024-05-14', 2534.52),
(160, 52, '2024-02-08', 875.46),
(161, 16, '2024-03-12', 2073.06),
(162, 73, '2024-01-15', 923.98),
(163, 32, '2023-09-04', 1380.18),
(164, 75, '2024-01-15', 2386.05),
(165, 77, '2023-12-25', 966.10),
(166, 6, '2023-11-06', 3782.30),
(167, 80, '2023-11-19', 753.76),
(168, 11, '2024-01-07', 0.00),
(169, 54, '2024-06-20', 0.00),
(170, 85, '2024-03-03', 5183.15),
(171, 75, '2023-11-10', 0.00),
(172, 73, '2023-11-23', 2407.77),
(173, 67, '2023-10-20', 0.00),
(174, 41, '2023-10-27', 1766.10),
(175, 34, '2023-09-26', 0.00),
(176, 27, '2023-12-20', 4033.39),
(177, 86, '2024-07-20', 3008.24),
(178, 92, '2024-06-29', 2075.98),
(179, 41, '2023-10-06', 3813.04),
(180, 31, '2024-03-12', 3895.15),
(181, 34, '2024-06-22', 1504.82),
(182, 51, '2024-03-24', 891.31),
(183, 17, '2024-07-17', 2346.80),
(184, 86, '2024-06-09', 1276.06),
(185, 83, '2024-08-05', 1315.02),
(186, 39, '2024-03-19', 2837.24),
(187, 59, '2023-09-11', 0.00),
(188, 41, '2024-05-11', 1391.68),
(189, 97, '2024-01-05', 537.35),
(190, 10, '2024-08-02', 1900.71),
(191, 2, '2024-06-20', 1302.48),
(192, 59, '2024-04-24', 3687.41),
(193, 80, '2023-10-17', 2732.99),
(194, 73, '2024-04-15', 636.65),
(195, 13, '2024-01-21', 2837.48),
(196, 10, '2023-10-26', 3291.92),
(197, 69, '2023-10-30', 128.03),
(198, 28, '2023-11-06', 1430.90),
(199, 65, '2024-07-15', 2400.10),
(200, 34, '2024-05-23', 2718.71);

INSERT INTO OrderDetails (OrderDetailID, OrderID, ProductID, Quantity) VALUES 
(1, 1, 19, 2),
(2, 2, 16, 5),
(3, 3, 15, 4),
(4, 4, 20, 1),
(5, 4, 13, 1),
(6, 4, 4, 3),
(7, 5, 4, 3),
(8, 5, 8, 2),
(9, 6, 15, 5),
(10, 6, 20, 1),
(11, 7, 7, 1),
(12, 7, 15, 5),
(13, 7, 7, 5),
(14, 8, 3, 4),
(15, 8, 5, 1),
(16, 8, 3, 3),
(17, 9, 8, 3),
(18, 11, 15, 5),
(19, 11, 17, 1),
(20, 12, 1, 5),
(21, 13, 15, 4),
(22, 14, 10, 1),
(23, 14, 9, 2),
(24, 14, 8, 3),
(25, 14, 4, 1),
(26, 16, 1, 3),
(27, 16, 12, 2),
(28, 16, 14, 2),
(29, 17, 20, 4),
(30, 17, 14, 5),
(31, 18, 16, 4),
(32, 18, 3, 1),
(33, 19, 2, 3),
(34, 19, 5, 5),
(35, 19, 5, 5),
(36, 20, 19, 4),
(37, 20, 16, 3),
(38, 20, 8, 4),
(39, 21, 17, 2),
(40, 21, 4, 2),
(41, 21, 7, 1),
(42, 22, 2, 1),
(43, 22, 6, 2),
(44, 22, 13, 4),
(45, 23, 12, 1),
(46, 24, 13, 3),
(47, 26, 10, 5),
(48, 26, 2, 2),
(49, 27, 2, 4),
(50, 27, 12, 2),
(51, 28, 15, 3),
(52, 28, 11, 3),
(53, 30, 17, 2),
(54, 30, 11, 3),
(55, 30, 10, 1),
(56, 30, 8, 3),
(57, 31, 15, 3),
(58, 31, 10, 3),
(59, 31, 12, 4),
(60, 31, 12, 5),
(61, 33, 15, 1),
(62, 33, 9, 3),
(63, 33, 3, 3),
(64, 33, 12, 4),
(65, 35, 18, 5),
(66, 36, 18, 5),
(67, 37, 2, 2),
(68, 39, 16, 1),
(69, 39, 4, 5),
(70, 39, 8, 2),
(71, 39, 6, 4),
(72, 40, 2, 1),
(73, 40, 5, 3),
(74, 40, 2, 1),
(75, 41, 20, 3),
(76, 41, 5, 2),
(77, 42, 18, 3),
(78, 43, 1, 2),
(79, 43, 5, 5),
(80, 45, 2, 2),
(81, 46, 3, 4),
(82, 46, 5, 5),
(83, 47, 10, 1),
(84, 47, 20, 4),
(85, 48, 14, 3),
(86, 48, 20, 1),
(87, 49, 18, 3),
(88, 50, 2, 1),
(89, 50, 6, 1),
(90, 50, 11, 2),
(91, 51, 11, 1),
(92, 51, 1, 4),
(93, 52, 7, 3),
(94, 53, 9, 5),
(95, 54, 9, 3),
(96, 55, 11, 4),
(97, 55, 20, 3),
(98, 55, 16, 1),
(99, 55, 4, 5),
(100, 56, 1, 5),
(101, 56, 7, 1),
(102, 57, 16, 4),
(103, 57, 13, 4),
(104, 57, 12, 2),
(105, 58, 9, 5),
(106, 58, 16, 5),
(107, 58, 11, 5),
(108, 59, 15, 5),
(109, 60, 15, 5),
(110, 60, 2, 1),
(111, 60, 11, 2),
(112, 60, 9, 3),
(113, 61, 4, 5),
(114, 62, 6, 5),
(115, 62, 3, 3),
(116, 62, 3, 3),
(117, 62, 9, 5),
(118, 62, 1, 5),
(119, 63, 16, 5),
(120, 63, 10, 4),
(121, 63, 5, 4),
(122, 63, 10, 1),
(123, 64, 13, 5),
(124, 64, 15, 2),
(125, 65, 8, 4),
(126, 65, 4, 5),
(127, 65, 3, 1),
(128, 66, 19, 2),
(129, 67, 16, 3),
(130, 67, 5, 1),
(131, 68, 15, 5),
(132, 68, 6, 4),
(133, 69, 11, 4),
(134, 69, 9, 2),
(135, 70, 15, 5),
(136, 70, 18, 3),
(137, 70, 3, 4),
(138, 70, 9, 3),
(139, 71, 10, 1),
(140, 71, 9, 5),
(141, 71, 12, 5),
(142, 71, 13, 1),
(143, 72, 18, 5),
(144, 72, 12, 3),
(145, 72, 15, 4),
(146, 73, 16, 4),
(147, 73, 16, 3),
(148, 73, 1, 3),
(149, 74, 15, 3),
(150, 74, 5, 4),
(151, 75, 4, 2),
(152, 75, 7, 4),
(153, 76, 19, 2),
(154, 76, 4, 3),
(155, 77, 16, 4),
(156, 77, 7, 3),
(157, 78, 19, 2),
(158, 78, 8, 2),
(159, 78, 5, 3),
(160, 79, 1, 2),
(161, 79, 5, 3),
(162, 79, 8, 2),
(163, 80, 13, 3),
(164, 80, 8, 1),
(165, 81, 19, 3),
(166, 82, 13, 4),
(167, 83, 2, 1),
(168, 84, 1, 1),
(169, 84, 6, 3),
(170, 84, 13, 5),
(171, 85, 3, 4),
(172, 85, 12, 4),
(173, 86, 10, 1),
(174, 87, 9, 3),
(175, 87, 10, 3),
(176, 87, 6, 1),
(177, 88, 11, 5),
(178, 88, 8, 2),
(179, 88, 11, 5),
(180, 89, 15, 3),
(181, 89, 16, 5),
(182, 90, 17, 3),
(183, 91, 3, 3),
(184, 91, 19, 4),
(185, 91, 8, 1),
(186, 93, 13, 2),
(187, 93, 3, 4),
(188, 95, 16, 1),
(189, 95, 5, 3),
(190, 95, 1, 5),
(191, 97, 8, 2),
(192, 98, 19, 4),
(193, 98, 4, 4),
(194, 98, 1, 5),
(195, 98, 6, 4),
(196, 98, 9, 5),
(197, 99, 3, 3),
(198, 100, 2, 1),
(199, 100, 14, 5),
(200, 100, 11, 1),
(201, 101, 17, 4),
(202, 102, 14, 5),
(203, 103, 4, 4),
(204, 104, 13, 3),
(205, 104, 19, 5),
(206, 105, 1, 1),
(207, 105, 12, 1),
(208, 105, 7, 2),
(209, 107, 9, 4),
(210, 107, 19, 1),
(211, 107, 19, 5),
(212, 108, 19, 2),
(213, 108, 11, 4),
(214, 108, 3, 2),
(215, 108, 13, 1),
(216, 109, 10, 3),
(217, 109, 12, 4),
(218, 110, 9, 5),
(219, 110, 5, 4),
(220, 110, 15, 2),
(221, 111, 18, 2),
(222, 112, 2, 4),
(223, 112, 20, 1),
(224, 112, 10, 1),
(225, 113, 20, 1),
(226, 113, 18, 3),
(227, 114, 12, 1),
(228, 115, 4, 1),
(229, 116, 14, 5),
(230, 116, 2, 3),
(231, 116, 3, 5),
(232, 117, 8, 5),
(233, 117, 20, 4),
(234, 117, 5, 2),
(235, 118, 16, 3),
(236, 119, 5, 3),
(237, 119, 17, 4),
(238, 120, 19, 1),
(239, 120, 18, 4),
(240, 120, 10, 4),
(241, 120, 6, 3),
(242, 121, 15, 1),
(243, 121, 1, 4),
(244, 121, 19, 1),
(245, 122, 14, 3),
(246, 122, 10, 3),
(247, 122, 19, 5),
(248, 123, 14, 5),
(249, 123, 20, 4),
(250, 123, 15, 3),
(251, 124, 15, 5),
(252, 124, 18, 5),
(253, 125, 10, 2),
(254, 125, 15, 4),
(255, 125, 8, 3),
(256, 126, 3, 2),
(257, 126, 19, 5),
(258, 126, 16, 2),
(259, 126, 13, 5),
(260, 126, 5, 3),
(261, 127, 20, 2),
(262, 130, 16, 2),
(263, 133, 10, 3),
(264, 134, 10, 2),
(265, 134, 14, 4),
(266, 135, 6, 5),
(267, 136, 20, 5),
(268, 137, 2, 1),
(269, 137, 1, 5),
(270, 137, 12, 1),
(271, 138, 11, 1),
(272, 138, 4, 2),
(273, 138, 3, 1),
(274, 139, 9, 5),
(275, 139, 8, 4),
(276, 139, 16, 3),
(277, 140, 11, 2),
(278, 140, 19, 4),
(279, 141, 20, 2),
(280, 142, 2, 4),
(281, 142, 18, 1),
(282, 142, 11, 5),
(283, 143, 1, 1),
(284, 143, 10, 1),
(285, 143, 18, 1),
(286, 145, 20, 3),
(287, 145, 9, 2),
(288, 145, 4, 4),
(289, 145, 18, 3),
(290, 146, 14, 4),
(291, 146, 12, 3),
(292, 147, 8, 3),
(293, 148, 6, 3),
(294, 148, 19, 1),
(295, 148, 2, 5),
(296, 149, 11, 5),
(297, 149, 9, 4),
(298, 150, 16, 3),
(299, 151, 17, 4),
(300, 151, 15, 3),
(301, 151, 1, 3),
(302, 152, 12, 1),
(303, 152, 13, 4),
(304, 152, 2, 1),
(305, 153, 9, 5),
(306, 153, 9, 1),
(307, 153, 14, 3),
(308, 153, 7, 4),
(309, 154, 4, 1),
(310, 155, 14, 4),
(311, 156, 15, 2),
(312, 156, 18, 4),
(313, 156, 5, 4),
(314, 157, 19, 3),
(315, 157, 18, 2),
(316, 158, 14, 5),
(317, 159, 4, 2),
(318, 159, 4, 4),
(319, 160, 14, 1),
(320, 160, 17, 2),
(321, 161, 5, 4),
(322, 161, 7, 1),
(323, 161, 4, 2),
(324, 162, 10, 2),
(325, 163, 11, 3),
(326, 164, 9, 5),
(327, 165, 7, 5),
(328, 166, 9, 4),
(329, 166, 7, 3),
(330, 166, 1, 5),
(331, 167, 14, 2),
(332, 167, 8, 5),
(333, 167, 8, 2),
(334, 170, 16, 2),
(336, 170, 14, 5),
(337, 170, 13, 4),
(338, 170, 3, 5),
(339, 170, 5, 5),
(340, 172, 11, 4),
(341, 172, 11, 1),
(342, 172, 6, 1),
(343, 174, 4, 3),
(344, 174, 13, 2),
(345, 176, 11, 5),
(346, 176, 16, 3),
(347, 176, 18, 2),
(348, 177, 13, 4),
(349, 177, 15, 2),
(350, 177, 11, 3),
(351, 177, 18, 2),
(352, 178, 20, 4),
(353, 178, 10, 2),
(354, 179, 17, 5),
(355, 179, 5, 4),
(356, 179, 15, 4),
(357, 180, 10, 1),
(358, 180, 15, 4),
(359, 180, 7, 4),
(360, 180, 9, 4),
(361, 181, 14, 1),
(362, 181, 20, 5),
(363, 182, 18, 3),
(364, 182, 18, 4),
(365, 183, 10, 4),
(366, 183, 13, 2),
(367, 184, 12, 4),
(368, 184, 2, 1),
(369, 185, 15, 2),
(370, 185, 15, 5),
(371, 186, 17, 3),
(372, 186, 17, 4),
(373, 188, 8, 4),
(374, 188, 1, 4),
(375, 189, 6, 5),
(376, 190, 5, 5),
(377, 190, 12, 2),
(378, 191, 8, 3),
(379, 191, 5, 4),
(380, 192, 4, 1),
(381, 192, 5, 5),
(382, 192, 16, 4),
(383, 193, 12, 5),
(384, 193, 14, 2),
(385, 193, 8, 5),
(386, 193, 19, 5),
(387, 194, 18, 5),
(388, 195, 18, 1),
(389, 195, 14, 5),
(390, 195, 9, 5),
(391, 196, 9, 5),
(392, 196, 10, 1),
(393, 196, 14, 3),
(394, 196, 13, 1),
(395, 197, 19, 1),
(396, 198, 6, 2),
(397, 198, 17, 3),
(398, 199, 4, 5),
(399, 199, 20, 1),
(400, 200, 16, 5),
(401, 200, 18, 2);

INSERT INTO Reviews (ReviewID, CustomerID, ProductID, Rating, ReviewText, ReviewDate) VALUES
(1, 69, 3, 3, 'Speak close join improve put down know expect security large move finally speak.', '2024-01-10'),
(2, 44, 19, 1, 'Tough create question now key show sing me industry class current painting.', '2024-01-11'),
(3, 70, 8, 5, 'Appear lose he various represent middle by base civil.', '2024-07-21'),
(4, 46, 18, 1, 'Town challenge join watch develop later glass ago apply maybe dog.', '2024-02-21'),
(5, 87, 2, 1, 'Heart agreement us stuff practice social case.', '2024-04-23'),
(6, 99, 6, 5, 'True line story serve light past town affect democratic.', '2023-11-03'),
(7, 93, 14, 5, 'Nature road month book explain feeling answer.', '2024-07-09'),
(8, 88, 6, 2, 'Police performance artist student matter movie place offer responsibility fact ability.', '2024-05-15'),
(9, 83, 2, 5, 'Drive indicate professor beat window attack moment medical write never.', '2024-05-28'),
(10, 89, 13, 5, 'Them analysis hit health section ground attack drop price billion.', '2024-07-03'),
(11, 34, 16, 2, 'Same forward and national spend compare single let receive place specific as simply.', '2023-12-21'),
(12, 79, 6, 2, 'Already cut social though firm financial huge spring list already positive.', '2024-08-18'),
(13, 62, 10, 3, 'Ground sit tend forward buy happy threat sea thus.', '2024-04-22'),
(14, 25, 2, 5, 'Fund cost reality happen something entire bar interesting issue yet.', '2024-04-13'),
(15, 32, 1, 4, 'Nation fly bag produce fill owner international ready.', '2023-09-29'),
(16, 36, 10, 1, 'Language risk treatment past itself police social arm provide image.', '2024-05-15'),
(17, 72, 19, 2, 'Song quickly well central parent sit alone attack sing hand him note.', '2023-10-19'),
(18, 39, 20, 5, 'Check last he know baby case happen fire everything whether ago control military.', '2023-12-27'),
(19, 29, 4, 4, 'Brother simple region Democrat partner really your customer career available common require young.', '2023-10-12'),
(20, 39, 11, 1, 'Property remember nearly face feel church remember record company gun.', '2023-11-28'),
(21, 99, 10, 5, 'Building cut catch so ago network hard sound.', '2023-12-24'),
(22, 37, 15, 4, 'Candidate this assume huge response long improve important offer by first avoid letter.', '2023-10-12'),
(23, 91, 18, 1, 'General there sister policy consider whom item treat area buy check clearly.', '2023-11-07'),
(24, 27, 17, 4, 'Various different way million exist bad cultural what ever person.', '2024-01-19'),
(25, 89, 16, 2, 'Move maybe collection walk child probably result painting successful nor stay agreement animal.', '2024-05-23'),
(26, 91, 5, 5, 'Enough decision occur peace air threat nation politics few each southern image law.', '2023-10-21'),
(27, 63, 17, 4, 'Citizen indeed less future century technology.', '2024-03-13'),
(28, 41, 15, 4, 'Safe team wish candidate have no five letter environment easy.', '2024-01-25'),
(29, 62, 9, 5, 'Anything war ten industry while total spend.', '2024-02-06'),
(30, 45, 7, 1, 'Return couple city you level these market bed hotel lead drive on any.', '2024-04-15'),
(31, 72, 4, 5, 'Manager think pressure like Mr suggest issue think road.', '2023-10-20'),
(32, 93, 11, 4, 'Hand hundred now crime network available mean share evidence writer quite.', '2024-04-07'),
(33, 36, 6, 3, 'Campaign benefit health would newspaper hand certain.', '2024-01-24'),
(34, 37, 15, 1, 'Meeting matter and case four listen lead paper middle foreign party class wrong.', '2024-02-08'),
(35, 16, 9, 4, 'Order medical meeting majority none little admit former body.', '2023-11-08'),
(36, 74, 6, 3, 'On someone rise read ago listen whose situation simply officer return.', '2024-03-04'),
(37, 87, 1, 1, 'Lose modern return simple herself start drug occur red course kid industry include.', '2024-04-30'),
(38, 70, 11, 2, 'Improve simple turn their save artist catch debate.', '2024-03-23'),
(39, 49, 10, 5, 'Your long heavy what least mouth national put test race.', '2024-05-23'),
(40, 51, 19, 1, 'Particular court east newspaper different win father eye debate.', '2024-08-18'),
(41, 45, 7, 1, 'First give value somebody event business quality here woman stand west source.', '2024-05-04'),
(42, 99, 6, 4, 'Among western bad under pretty section degree still even.', '2024-08-23'),
(43, 19, 20, 3, 'Receive case past only drug prove most point appear including response beyond side.', '2023-11-03'),
(44, 38, 13, 1, 'Who within citizen present thing little.', '2024-03-30'),
(45, 6, 14, 5, 'Sense expert experience arrive shoulder present discussion school.', '2023-10-31'),
(46, 37, 17, 1, 'Tree company think compare try young.', '2024-03-05'),
(47, 92, 11, 1, 'Small control see the face also fear owner up friend lawyer.', '2023-12-18'),
(48, 11, 3, 4, 'Modern threat care mean evening speak former room possible responsibility add front.', '2023-10-21'),
(49, 45, 13, 1, 'Nothing serious compare task today still middle beautiful protect.', '2023-11-08'),
(50, 57, 4, 3, 'Word local very according himself land environment form.', '2023-12-28'),
(51, 84, 6, 4, 'Reveal activity president realize artist brother fill if maybe time region financial brother.', '2024-07-19'),
(52, 33, 5, 2, 'Happen determine whatever long lawyer writer health reduce tree.', '2024-02-19'),
(53, 96, 16, 2, 'Soon stay seven quite other skin moment month gun true born stock.', '2024-04-24'),
(54, 62, 11, 4, 'Dark Mr clearly take kind quite response major together knowledge argue car.', '2023-09-17'),
(55, 28, 8, 3, 'Lead around left southern rich how staff second official and general.', '2024-07-29'),
(56, 26, 1, 4, 'Must art thus worry line expert.', '2024-01-14'),
(57, 69, 9, 4, 'Shoulder she within position inside year him thank.', '2023-08-31'),
(58, 35, 13, 4, 'Heart radio product much president girl condition Mr more road.', '2024-03-03'),
(59, 72, 8, 4, 'Strong series without leg rest interest here discover.', '2023-10-20'),
(60, 90, 15, 1, 'Get every visit right both special information she this administration deal.', '2023-11-11'),
(61, 35, 9, 5, 'Order land public the each analysis keep.', '2024-07-09'),
(62, 18, 11, 2, 'Describe tell argue mean eye staff rule five our pull fly few.', '2024-01-24'),
(63, 14, 10, 3, 'Worry miss including every news option same.', '2024-04-02'),
(64, 79, 19, 1, 'Personal interview many win walk provide skill five.', '2024-03-11'),
(65, 95, 19, 2, 'Impact feel contain Mrs drive different tax certain leg arm include.', '2024-05-07'),
(66, 76, 1, 5, 'Newspaper care drug data position two suggest begin right couple environmental.', '2024-03-07'),
(67, 31, 9, 4, 'Owner them could seven right next look thank four whatever address view while.', '2024-02-02'),
(68, 32, 12, 5, 'Section senior trial receive region however dream.', '2024-05-19'),
(69, 7, 8, 2, 'Simply herself move grow end mention market better wonder light.', '2024-03-05'),
(70, 86, 2, 2, 'Trial have including none determine certainly end various often individual.', '2024-02-05'),
(71, 68, 4, 1, 'Cultural discover now early nearly want front.', '2024-05-29'),
(72, 29, 15, 1, 'Whom politics make collection some college result major true my politics arrive.', '2024-07-19'),
(73, 82, 10, 3, 'Stuff avoid stand any according case.', '2024-02-16'),
(74, 30, 6, 4, 'Discuss religious across media health pay project pattern low maintain according necessary activity morning.', '2024-03-04'),
(75, 7, 13, 5, 'Movie expert maybe recently issue vote conference truth modern.', '2023-10-31'),
(76, 13, 17, 4, 'Court money spring environment however health image north wrong.', '2023-09-29'),
(77, 53, 10, 5, 'Feel stock ball yard practice all if help.', '2024-04-03'),
(78, 43, 4, 4, 'Argue act commercial matter its six not teach believe month amount deep.', '2023-09-08'),
(79, 92, 10, 2, 'Little another avoid understand tonight nor allow up fire which onto sell require.', '2024-07-02'),
(80, 61, 12, 2, 'Up federal nor note support quality music himself science so ready.', '2024-06-18'),
(81, 13, 20, 4, 'May window approach join stuff future shoulder.', '2023-11-21'),
(82, 88, 8, 3, 'However similar ahead event yeah make green wait it quickly produce beat peace.', '2023-12-19'),
(83, 99, 8, 2, 'Require bank child Republican plant science first blood accept.', '2023-09-09'),
(84, 18, 5, 3, 'Know seven bill beautiful issue news mention billion bed.', '2023-12-12'),
(85, 1, 16, 2, 'Behavior our foot history factor hold be top toward within occur college herself.', '2023-11-23'),
(86, 71, 5, 1, 'Especially environmental certainly cold every feel site.', '2024-03-23'),
(87, 21, 15, 1, 'Edge east person order crime blood fight we forward per.', '2023-12-18'),
(88, 53, 20, 4, 'Key issue statement prepare organization feel owner receive look concern.', '2023-11-01'),
(89, 84, 12, 5, 'Why fact reason make office drug heavy staff hotel box nor.', '2024-06-26'),
(90, 61, 14, 1, 'Young conference should agree road wall decide something story attorney summer some pull.', '2024-02-21'),
(91, 62, 18, 2, 'Plan drug probably resource smile available wrong.', '2024-04-03'),
(92, 84, 16, 2, 'Old move type thank industry already why reduce speech order trial body.', '2024-06-11'),
(93, 26, 18, 1, 'Price great positive and worker quality hundred sell whole.', '2024-06-23'),
(94, 97, 7, 1, 'Black better develop section newspaper reach determine hear leg quickly real.', '2024-06-20'),
(95, 37, 8, 5, 'General agency bit indeed which break wait.', '2024-03-07'),
(96, 42, 20, 1, 'Give gas six miss give best reveal.', '2024-03-28'),
(97, 37, 3, 4, 'Five feel special boy support possible quality clearly worker during company.', '2024-03-13'),
(98, 83, 17, 5, 'Former interview left something picture control price how.', '2023-10-10'),
(99, 8, 15, 1, 'Third last involve above Democrat everything region somebody officer son Mr hand culture.', '2024-04-06'),
(100, 99, 17, 2, 'Energy television month police others particularly only.', '2023-10-11');

INSERT INTO WebsiteVisits (VisitID, CustomerID, PageVisited, VisitDuration, VisitDate) VALUES
(1, 95, 'Checkout', 3.15, '2023-12-10'),
(2, 6, 'Home', 10.55, '2024-06-24'),
(3, 52, 'Cart', 7.91, '2024-03-25'),
(4, 57, 'Products', 6.56, '2024-07-12'),
(5, 30, 'Profile', 2.50, '2024-01-17'),
(6, 70, 'Products', 6.06, '2024-03-25'),
(7, 28, 'Profile', 3.19, '2024-07-12'),
(8, 97, 'Checkout', 9.71, '2024-06-16'),
(9, 100, 'Profile', 10.55, '2023-09-13'),
(10, 8, 'Cart', 9.86, '2024-06-18'),
(11, 18, 'Checkout', 15.00, '2024-06-02'),
(12, 65, 'Products', 8.55, '2024-02-15'),
(13, 38, 'Home', 7.60, '2024-03-27'),
(14, 30, 'Profile', 2.53, '2023-11-20'),
(15, 94, 'Cart', 5.06, '2024-02-09'),
(16, 74, 'Home', 7.04, '2023-10-06'),
(17, 41, 'Home', 1.28, '2024-06-08'),
(18, 74, 'Checkout', 5.71, '2024-07-15'),
(19, 77, 'Products', 0.64, '2024-05-07'),
(20, 99, 'Home', 2.48, '2024-06-14'),
(21, 87, 'Cart', 12.32, '2023-12-02'),
(22, 42, 'Profile', 14.48, '2023-12-21'),
(23, 31, 'Profile', 7.83, '2024-08-01'),
(24, 39, 'Profile', 7.68, '2023-09-09'),
(25, 19, 'Checkout', 10.43, '2024-02-18'),
(26, 85, 'Cart', 6.53, '2023-12-08'),
(27, 67, 'Home', 12.68, '2024-01-10'),
(28, 29, 'Cart', 7.59, '2024-07-27'),
(29, 53, 'Checkout', 1.70, '2024-07-10'),
(30, 39, 'Checkout', 0.95, '2023-09-30'),
(31, 36, 'Products', 11.54, '2024-02-14'),
(32, 8, 'Cart', 4.74, '2024-07-29'),
(33, 72, 'Profile', 4.49, '2023-10-12'),
(34, 76, 'Checkout', 8.30, '2024-06-24'),
(35, 95, 'Checkout', 2.94, '2024-07-08'),
(36, 23, 'Products', 7.13, '2023-11-28'),
(37, 81, 'Profile', 11.27, '2023-11-17'),
(38, 87, 'Checkout', 11.61, '2024-07-07'),
(39, 55, 'Home', 8.47, '2024-06-09'),
(40, 72, 'Profile', 2.14, '2024-04-12'),
(41, 64, 'Cart', 2.16, '2024-05-21'),
(42, 7, 'Products', 11.74, '2024-01-11'),
(43, 45, 'Home', 12.44, '2024-07-27'),
(44, 83, 'Home', 5.82, '2024-05-30'),
(45, 86, 'Cart', 12.43, '2024-04-21'),
(46, 49, 'Products', 1.10, '2024-04-29'),
(47, 68, 'Checkout', 10.93, '2024-02-10'),
(48, 41, 'Products', 8.42, '2023-10-31'),
(49, 90, 'Checkout', 14.85, '2024-04-23'),
(50, 54, 'Cart', 1.99, '2023-10-21'),
(51, 53, 'Cart', 12.54, '2024-06-27'),
(52, 20, 'Home', 11.39, '2023-11-16'),
(53, 39, 'Home', 4.82, '2024-07-08'),
(54, 49, 'Home', 14.99, '2023-11-16'),
(55, 24, 'Cart', 7.02, '2024-07-05'),
(56, 97, 'Checkout', 5.55, '2023-09-20'),
(57, 69, 'Cart', 12.34, '2024-04-05'),
(58, 61, 'Cart', 6.87, '2024-01-11'),
(59, 31, 'Home', 14.91, '2024-03-21'),
(60, 29, 'Products', 11.75, '2023-12-15'),
(61, 39, 'Home', 3.94, '2024-04-15'),
(62, 91, 'Products', 12.26, '2024-03-24'),
(63, 19, 'Checkout', 9.02, '2023-11-01'),
(64, 60, 'Checkout', 5.58, '2023-12-31'),
(65, 8, 'Profile', 10.81, '2024-05-27'),
(66, 72, 'Profile', 9.68, '2023-12-19'),
(67, 53, 'Profile', 2.91, '2023-12-18'),
(68, 54, 'Checkout', 2.52, '2024-04-06'),
(69, 72, 'Home', 3.50, '2023-12-09'),
(70, 68, 'Home', 3.50, '2024-07-26'),
(71, 18, 'Home', 1.36, '2024-03-14'),
(72, 50, 'Cart', 5.59, '2024-08-11'),
(73, 32, 'Profile', 4.58, '2024-05-17'),
(74, 33, 'Home', 8.31, '2024-07-09'),
(75, 27, 'Profile', 5.19, '2023-10-03'),
(76, 43, 'Profile', 10.71, '2023-10-19'),
(77, 83, 'Cart', 4.70, '2024-06-14'),
(78, 11, 'Checkout', 4.38, '2024-06-28'),
(79, 58, 'Home', 12.94, '2024-02-03'),
(80, 48, 'Cart', 14.79, '2024-08-18'),
(81, 12, 'Checkout', 10.35, '2023-09-20'),
(82, 69, 'Checkout', 1.88, '2023-12-13'),
(83, 93, 'Home', 14.46, '2024-07-29'),
(84, 25, 'Profile', 11.89, '2024-05-08'),
(85, 7, 'Products', 13.82, '2023-10-16'),
(86, 35, 'Profile', 14.89, '2024-05-26'),
(87, 49, 'Profile', 13.07, '2024-07-29'),
(88, 87, 'Products', 2.34, '2023-10-18'),
(89, 78, 'Checkout', 13.06, '2023-12-02'),
(90, 78, 'Products', 4.12, '2023-10-23'),
(91, 6, 'Products', 10.82, '2024-05-30'),
(92, 10, 'Cart', 12.51, '2023-12-31'),
(93, 25, 'Cart', 11.54, '2024-07-14'),
(94, 98, 'Cart', 10.31, '2023-12-02'),
(95, 76, 'Checkout', 7.60, '2024-06-18'),
(96, 93, 'Products', 8.87, '2024-07-20'),
(97, 86, 'Home', 4.40, '2024-05-16'),
(98, 72, 'Products', 6.51, '2024-01-27'),
(99, 28, 'Checkout', 7.05, '2024-03-05'),
(100, 62, 'Cart', 9.69, '2023-10-22'),
(101, 27, 'Checkout', 13.26, '2024-04-08'),
(102, 43, 'Cart', 1.85, '2024-04-29'),
(103, 39, 'Checkout', 7.98, '2023-12-10'),
(104, 2, 'Home', 4.53, '2024-04-27'),
(105, 28, 'Cart', 14.08, '2024-02-04'),
(106, 25, 'Cart', 5.85, '2024-01-20'),
(107, 95, 'Products', 14.28, '2024-02-19'),
(108, 16, 'Checkout', 5.25, '2023-09-26'),
(109, 96, 'Profile', 0.54, '2024-04-30'),
(110, 97, 'Profile', 11.72, '2024-07-01'),
(111, 62, 'Products', 11.12, '2024-08-03'),
(112, 32, 'Checkout', 11.10, '2024-06-21'),
(113, 90, 'Home', 7.15, '2023-10-03'),
(114, 78, 'Products', 10.13, '2024-01-31'),
(115, 91, 'Cart', 5.69, '2024-03-15'),
(116, 27, 'Home', 1.42, '2024-06-14'),
(117, 51, 'Checkout', 8.25, '2023-12-14'),
(118, 31, 'Cart', 3.66, '2024-05-23'),
(119, 71, 'Profile', 6.73, '2024-08-25'),
(120, 42, 'Checkout', 3.57, '2024-08-02'),
(121, 100, 'Cart', 4.39, '2024-01-18'),
(122, 37, 'Checkout', 12.51, '2024-02-20'),
(123, 49, 'Cart', 5.40, '2024-03-04'),
(124, 60, 'Checkout', 8.88, '2024-01-02'),
(125, 69, 'Profile', 8.71, '2024-04-10'),
(126, 84, 'Products', 7.54, '2023-08-28'),
(127, 46, 'Cart', 5.48, '2024-07-30'),
(128, 40, 'Cart', 10.40, '2024-06-23'),
(129, 34, 'Profile', 1.20, '2024-07-22'),
(130, 47, 'Products', 1.94, '2024-06-07'),
(131, 66, 'Checkout', 11.87, '2023-10-03'),
(132, 64, 'Cart', 7.16, '2024-06-06'),
(133, 60, 'Products', 2.30, '2024-02-22'),
(134, 13, 'Checkout', 12.94, '2024-04-30'),
(135, 93, 'Cart', 6.90, '2024-05-11'),
(136, 61, 'Cart', 0.51, '2024-05-24'),
(137, 98, 'Checkout', 14.39, '2024-01-14'),
(138, 41, 'Profile', 3.43, '2024-07-23'),
(139, 27, 'Products', 10.48, '2023-09-21'),
(140, 48, 'Cart', 2.41, '2024-07-02'),
(141, 41, 'Checkout', 9.92, '2024-03-22'),
(142, 53, 'Cart', 2.81, '2024-01-29'),
(143, 6, 'Checkout', 14.02, '2023-11-20'),
(144, 73, 'Cart', 4.47, '2024-02-10'),
(145, 29, 'Home', 9.99, '2024-07-13'),
(146, 95, 'Profile', 4.13, '2023-11-18'),
(147, 19, 'Products', 5.89, '2024-03-07'),
(148, 3, 'Profile', 13.61, '2023-12-10'),
(149, 34, 'Profile', 2.90, '2023-12-31'),
(150, 71, 'Products', 6.25, '2024-07-14'),
(151, 75, 'Profile', 4.93, '2023-12-16'),
(152, 75, 'Home', 10.64, '2024-01-06'),
(153, 93, 'Checkout', 3.90, '2024-03-27'),
(154, 54, 'Products', 10.00, '2024-04-08'),
(155, 38, 'Checkout', 10.70, '2023-10-17'),
(156, 20, 'Cart', 0.52, '2024-04-03'),
(157, 26, 'Home', 7.41, '2024-07-24'),
(158, 43, 'Checkout', 2.42, '2024-03-03'),
(159, 30, 'Checkout', 3.78, '2024-06-29'),
(160, 49, 'Products', 10.36, '2024-01-08'),
(161, 73, 'Cart', 0.63, '2024-08-09'),
(162, 32, 'Products', 10.59, '2024-05-19'),
(163, 64, 'Cart', 12.35, '2024-06-19'),
(164, 71, 'Products', 14.83, '2023-09-15'),
(165, 84, 'Checkout', 6.62, '2023-09-14'),
(166, 88, 'Checkout', 2.42, '2023-10-05'),
(167, 44, 'Home', 1.53, '2024-04-27'),
(168, 33, 'Checkout', 6.05, '2024-06-27'),
(169, 98, 'Profile', 11.10, '2024-07-17'),
(170, 63, 'Checkout', 1.99, '2024-02-22'),
(171, 93, 'Profile', 5.04, '2023-09-03'),
(172, 83, 'Checkout', 13.27, '2023-10-15'),
(173, 95, 'Profile', 2.49, '2024-08-22'),
(174, 63, 'Profile', 11.72, '2024-07-26'),
(175, 59, 'Checkout', 11.42, '2023-10-28'),
(176, 22, 'Profile', 2.43, '2024-02-15'),
(177, 94, 'Home', 14.90, '2024-02-21'),
(178, 46, 'Cart', 2.57, '2023-08-28'),
(179, 22, 'Profile', 8.19, '2024-02-10'),
(180, 18, 'Profile', 0.62, '2023-11-14'),
(181, 93, 'Home', 9.93, '2024-05-21'),
(182, 70, 'Home', 6.88, '2024-08-15'),
(183, 63, 'Products', 10.98, '2023-10-18'),
(184, 24, 'Cart', 9.61, '2024-08-04'),
(185, 70, 'Products', 2.69, '2024-05-06'),
(186, 83, 'Profile', 6.47, '2023-12-23'),
(187, 8, 'Home', 10.46, '2023-10-28'),
(188, 68, 'Profile', 12.97, '2024-08-01'),
(189, 5, 'Checkout', 1.76, '2024-08-24'),
(190, 10, 'Cart', 1.96, '2024-08-02'),
(191, 86, 'Checkout', 11.41, '2023-12-12'),
(192, 7, 'Home', 9.05, '2023-10-03'),
(193, 98, 'Home', 6.07, '2024-05-08'),
(194, 1, 'Home', 14.47, '2024-01-14'),
(195, 53, 'Cart', 5.06, '2023-12-03'),
(196, 18, 'Products', 2.53, '2023-09-29'),
(197, 81, 'Profile', 4.52, '2024-01-19'),
(198, 30, 'Profile', 1.72, '2024-05-12'),
(199, 9, 'Profile', 8.52, '2024-08-13'),
(200, 91, 'Profile', 9.20, '2024-05-06'),
(201, 20, 'Profile', 9.31, '2023-10-31'),
(202, 2, 'Products', 11.80, '2023-09-17'),
(203, 28, 'Checkout', 10.51, '2024-01-28'),
(204, 65, 'Cart', 12.79, '2024-04-26'),
(205, 59, 'Checkout', 10.05, '2023-12-24'),
(206, 48, 'Checkout', 4.87, '2024-06-04'),
(207, 8, 'Profile', 8.01, '2024-05-25'),
(208, 80, 'Profile', 7.89, '2024-06-16'),
(209, 82, 'Products', 11.34, '2023-11-26'),
(210, 86, 'Cart', 4.79, '2024-02-10'),
(211, 79, 'Home', 1.29, '2024-05-08'),
(212, 62, 'Checkout', 13.52, '2023-10-02'),
(213, 85, 'Home', 14.34, '2024-05-27'),
(214, 63, 'Cart', 7.68, '2023-10-03'),
(215, 3, 'Checkout', 2.13, '2023-08-28'),
(216, 1, 'Home', 7.74, '2023-11-18'),
(217, 69, 'Home', 9.11, '2024-02-29'),
(218, 71, 'Products', 8.16, '2023-09-27'),
(219, 53, 'Cart', 14.68, '2023-10-18'),
(220, 2, 'Cart', 14.81, '2024-04-14'),
(221, 3, 'Cart', 14.04, '2023-11-23'),
(222, 68, 'Checkout', 2.41, '2024-03-16'),
(223, 93, 'Products', 12.98, '2024-05-18'),
(224, 36, 'Profile', 8.74, '2024-02-16'),
(225, 69, 'Checkout', 5.80, '2023-08-31'),
(226, 37, 'Cart', 10.40, '2023-08-31'),
(227, 3, 'Checkout', 11.56, '2024-05-24'),
(228, 65, 'Home', 14.34, '2024-01-08'),
(229, 90, 'Checkout', 11.67, '2024-07-10'),
(230, 87, 'Checkout', 0.74, '2023-10-13'),
(231, 56, 'Cart', 1.48, '2024-07-27'),
(232, 23, 'Home', 4.30, '2024-02-08'),
(233, 14, 'Cart', 1.08, '2024-05-23'),
(234, 13, 'Home', 1.38, '2023-10-18'),
(235, 68, 'Home', 11.94, '2024-02-29'),
(236, 20, 'Home', 7.85, '2023-09-24'),
(237, 31, 'Cart', 9.61, '2023-11-24'),
(238, 25, 'Home', 7.77, '2024-01-23'),
(239, 80, 'Products', 6.52, '2023-10-01'),
(240, 68, 'Products', 10.68, '2024-06-06'),
(241, 33, 'Profile', 1.70, '2024-07-06'),
(242, 46, 'Products', 8.28, '2023-10-06'),
(243, 35, 'Profile', 9.43, '2023-10-07'),
(244, 51, 'Products', 4.52, '2023-12-27'),
(245, 11, 'Cart', 4.99, '2024-01-17'),
(246, 48, 'Profile', 7.91, '2024-08-04'),
(247, 52, 'Checkout', 3.45, '2023-12-22'),
(248, 59, 'Checkout', 12.22, '2023-10-20'),
(249, 73, 'Products', 8.28, '2024-01-23'),
(250, 32, 'Checkout', 6.17, '2024-06-23'),
(251, 90, 'Products', 9.70, '2024-07-08'),
(252, 29, 'Products', 12.60, '2024-06-15'),
(253, 39, 'Checkout', 10.38, '2024-08-01'),
(254, 88, 'Checkout', 1.46, '2023-10-18'),
(255, 11, 'Home', 10.63, '2024-05-03'),
(256, 84, 'Profile', 11.08, '2024-05-16'),
(257, 84, 'Products', 12.77, '2023-10-22'),
(258, 98, 'Checkout', 1.34, '2023-09-23'),
(259, 5, 'Profile', 1.75, '2024-03-21'),
(260, 12, 'Checkout', 6.80, '2024-04-02'),
(261, 52, 'Checkout', 7.07, '2023-08-31'),
(262, 49, 'Home', 9.33, '2024-04-21'),
(263, 49, 'Products', 4.98, '2024-05-06'),
(264, 71, 'Products', 11.25, '2023-10-30'),
(265, 61, 'Cart', 11.24, '2024-02-14'),
(266, 8, 'Home', 2.23, '2024-01-11'),
(267, 82, 'Profile', 10.76, '2024-06-03'),
(268, 2, 'Home', 10.67, '2023-11-18'),
(269, 90, 'Profile', 2.88, '2024-04-27'),
(270, 22, 'Products', 14.32, '2024-06-13'),
(271, 11, 'Cart', 8.08, '2023-10-25'),
(272, 64, 'Cart', 11.85, '2024-08-19'),
(273, 56, 'Products', 10.95, '2024-02-03'),
(274, 83, 'Checkout', 2.92, '2024-04-23'),
(275, 43, 'Home', 2.34, '2024-05-20'),
(276, 73, 'Cart', 11.83, '2024-02-15'),
(277, 13, 'Checkout', 4.40, '2024-07-26'),
(278, 68, 'Profile', 13.35, '2023-11-20'),
(279, 6, 'Cart', 11.69, '2023-09-30'),
(280, 30, 'Profile', 0.93, '2024-08-10'),
(281, 28, 'Checkout', 12.20, '2023-10-06'),
(282, 89, 'Profile', 4.44, '2023-10-21'),
(283, 73, 'Checkout', 1.43, '2024-06-15'),
(284, 61, 'Profile', 10.83, '2023-10-14'),
(285, 35, 'Home', 8.86, '2024-04-12'),
(286, 6, 'Cart', 1.62, '2024-06-06'),
(287, 10, 'Cart', 7.10, '2024-01-24'),
(288, 88, 'Checkout', 5.72, '2024-01-11'),
(289, 36, 'Profile', 7.74, '2024-02-10'),
(290, 70, 'Products', 8.72, '2023-12-28'),
(291, 73, 'Cart', 5.83, '2024-06-30'),
(292, 85, 'Profile', 4.20, '2023-10-21'),
(293, 5, 'Profile', 1.99, '2023-12-02'),
(294, 23, 'Home', 8.82, '2023-12-13'),
(295, 41, 'Products', 10.98, '2024-05-04'),
(296, 3, 'Cart', 3.81, '2023-09-29'),
(297, 27, 'Home', 7.88, '2023-12-02'),
(298, 76, 'Products', 1.14, '2024-03-29'),
(299, 19, 'Cart', 13.01, '2024-04-17'),
(300, 97, 'Home', 4.05, '2024-04-17');
